{"initial_reset_timestamp": 1595572721.5507374, "timestamps": [1595572789.3977005], "episode_lengths": [1889], "episode_rewards": [20.0], "episode_types": ["t"]}